{
  "version": "2025-12-23",
  "count": 146,
  "items": [
    {
      "id": "pre_neck_rotations_gentle",
      "name_pt": "Rotação de pescoço (suave)",
      "name_en": "Neck rotations (gentle)",
      "phase": "pre",
      "style": "dynamic",
      "region": "neck",
      "tags": [
        "upper",
        "mobility"
      ],
      "level": "beginner",
      "default_duration_s": 30,
      "cue": "Gire a cabeça lentamente para cada lado, sem forçar.",
      "video": {
        "provider": "youtube",
        "youtubeId": null,
        "searchQuery": "Neck rotations (gentle) stretch"
      }
    },
    {
      "id": "pre_neck_side_bends_dynamic",
      "name_pt": "Inclinação lateral de pescoço (dinâmico)",
      "name_en": "Neck side bends (dynamic)",
      "phase": "pre",
      "style": "dynamic",
      "region": "neck",
      "tags": [
        "upper",
        "mobility"
      ],
      "level": "beginner",
      "default_duration_s": 30,
      "cue": "Incline a cabeça para a direita/esquerda alternando, devagar.",
      "video": {
        "provider": "youtube",
        "youtubeId": null,
        "searchQuery": "Neck side bends (dynamic) stretch"
      }
    },
    {
      "id": "pre_shoulder_shrugs",
      "name_pt": "Elevação e depressão de ombros",
      "name_en": "Shoulder shrugs",
      "phase": "pre",
      "style": "dynamic",
      "region": "shoulders",
      "tags": [
        "upper",
        "warmup"
      ],
      "level": "beginner",
      "default_duration_s": 30,
      "cue": "Suba e desça os ombros em ritmo confortável.",
      "video": {
        "provider": "youtube",
        "youtubeId": null,
        "searchQuery": "Shoulder shrugs stretch"
      }
    },
    {
      "id": "pre_shoulder_rolls",
      "name_pt": "Rolamento de ombros",
      "name_en": "Shoulder rolls",
      "phase": "pre",
      "style": "dynamic",
      "region": "shoulders",
      "tags": [
        "upper",
        "warmup"
      ],
      "level": "beginner",
      "default_duration_s": 30,
      "cue": "Faça círculos com os ombros para frente e para trás.",
      "video": {
        "provider": "youtube",
        "youtubeId": null,
        "searchQuery": "Shoulder rolls stretch"
      }
    },
    {
      "id": "pre_arm_circles_small",
      "name_pt": "Círculos com braços (pequenos)",
      "name_en": "Arm circles (small)",
      "phase": "pre",
      "style": "dynamic",
      "region": "shoulders",
      "tags": [
        "upper",
        "warmup"
      ],
      "level": "beginner",
      "default_duration_s": 30,
      "cue": "Com braços estendidos, faça círculos pequenos e controlados.",
      "video": {
        "provider": "youtube",
        "youtubeId": null,
        "searchQuery": "Arm circles (small) stretch"
      }
    },
    {
      "id": "pre_arm_circles_large",
      "name_pt": "Círculos com braços (grandes)",
      "name_en": "Arm circles (large)",
      "phase": "pre",
      "style": "dynamic",
      "region": "shoulders",
      "tags": [
        "upper",
        "warmup"
      ],
      "level": "beginner",
      "default_duration_s": 30,
      "cue": "Aumente o tamanho dos círculos sem perder o controle.",
      "video": {
        "provider": "youtube",
        "youtubeId": null,
        "searchQuery": "Arm circles (large) stretch"
      }
    },
    {
      "id": "pre_arm_swings_frontback",
      "name_pt": "Balanço de braços à frente/atrás",
      "name_en": "Arm swings (front/back)",
      "phase": "pre",
      "style": "dynamic",
      "region": "chest",
      "tags": [
        "upper",
        "warmup"
      ],
      "level": "beginner",
      "default_duration_s": 30,
      "cue": "Abra os braços e balance cruzando à frente do corpo.",
      "video": {
        "provider": "youtube",
        "youtubeId": null,
        "searchQuery": "Arm swings (front/back) stretch"
      }
    },
    {
      "id": "pre_dynamic_chest_hug",
      "name_pt": "Abraço dinâmico (peito)",
      "name_en": "Dynamic chest hug",
      "phase": "pre",
      "style": "dynamic",
      "region": "chest",
      "tags": [
        "upper",
        "warmup"
      ],
      "level": "beginner",
      "default_duration_s": 30,
      "cue": "Cruze os braços como um abraço e abra novamente.",
      "video": {
        "provider": "youtube",
        "youtubeId": null,
        "searchQuery": "Dynamic chest hug stretch"
      }
    },
    {
      "id": "pre_wall_slides_scapular",
      "name_pt": "Deslize de escápulas na parede",
      "name_en": "Wall slides (scapular)",
      "phase": "pre",
      "style": "dynamic",
      "region": "upper_back",
      "tags": [
        "upper",
        "posture"
      ],
      "level": "intermediate",
      "default_duration_s": 30,
      "cue": "Encoste costas na parede e deslize os braços para cima e para baixo.",
      "video": {
        "provider": "youtube",
        "youtubeId": null,
        "searchQuery": "Wall slides (scapular) stretch"
      }
    },
    {
      "id": "pre_scapular_push-ups",
      "name_pt": "Flexão escapular",
      "name_en": "Scapular push-ups",
      "phase": "pre",
      "style": "dynamic",
      "region": "upper_back",
      "tags": [
        "upper",
        "activation"
      ],
      "level": "intermediate",
      "default_duration_s": 30,
      "cue": "Em posição de prancha, mova só as escápulas (sem dobrar os cotovelos).",
      "video": {
        "provider": "youtube",
        "youtubeId": null,
        "searchQuery": "Scapular push-ups stretch"
      }
    },
    {
      "id": "pre_cat-cow",
      "name_pt": "Gato-vaca",
      "name_en": "Cat-cow",
      "phase": "pre",
      "style": "dynamic",
      "region": "spine",
      "tags": [
        "spine",
        "mobility"
      ],
      "level": "beginner",
      "default_duration_s": 30,
      "cue": "Alterne arqueando e arredondando a coluna de forma fluida.",
      "video": {
        "provider": "youtube",
        "youtubeId": null,
        "searchQuery": "Cat-cow stretch"
      }
    },
    {
      "id": "pre_standing_torso_twists",
      "name_pt": "Torção de tronco em pé",
      "name_en": "Standing torso twists",
      "phase": "pre",
      "style": "dynamic",
      "region": "thoracic_spine",
      "tags": [
        "spine",
        "warmup"
      ],
      "level": "beginner",
      "default_duration_s": 30,
      "cue": "Gire o tronco para os lados mantendo o quadril estável.",
      "video": {
        "provider": "youtube",
        "youtubeId": null,
        "searchQuery": "Standing torso twists stretch"
      }
    },
    {
      "id": "pre_open_book_thoracic_rotations",
      "name_pt": "Rotação torácica 'livro aberto'",
      "name_en": "Open book thoracic rotations",
      "phase": "pre",
      "style": "dynamic",
      "region": "thoracic_spine",
      "tags": [
        "spine",
        "mobility"
      ],
      "level": "intermediate",
      "default_duration_s": 30,
      "cue": "De lado, gire o braço de cima abrindo o peito, alternando.",
      "video": {
        "provider": "youtube",
        "youtubeId": null,
        "searchQuery": "Open book thoracic rotations stretch"
      }
    },
    {
      "id": "pre_standing_side_reaches",
      "name_pt": "Alcance lateral em pé",
      "name_en": "Standing side reaches",
      "phase": "pre",
      "style": "dynamic",
      "region": "spine",
      "tags": [
        "spine",
        "warmup"
      ],
      "level": "beginner",
      "default_duration_s": 30,
      "cue": "Eleve o braço e alcance para o lado, alternando.",
      "video": {
        "provider": "youtube",
        "youtubeId": null,
        "searchQuery": "Standing side reaches stretch"
      }
    },
    {
      "id": "pre_hip_circles",
      "name_pt": "Círculos de quadril",
      "name_en": "Hip circles",
      "phase": "pre",
      "style": "dynamic",
      "region": "hips",
      "tags": [
        "hips",
        "mobility"
      ],
      "level": "beginner",
      "default_duration_s": 30,
      "cue": "Faça círculos com o quadril para ambos os lados.",
      "video": {
        "provider": "youtube",
        "youtubeId": null,
        "searchQuery": "Hip circles stretch"
      }
    },
    {
      "id": "pre_march_with_hip_openers",
      "name_pt": "Marcha com abertura de quadril",
      "name_en": "March with hip openers",
      "phase": "pre",
      "style": "dynamic",
      "region": "hips",
      "tags": [
        "hips",
        "mobility"
      ],
      "level": "beginner",
      "default_duration_s": 30,
      "cue": "Eleve o joelho e abra o quadril para fora, alternando.",
      "video": {
        "provider": "youtube",
        "youtubeId": null,
        "searchQuery": "March with hip openers stretch"
      }
    },
    {
      "id": "pre_hip_cars_controlled_rotations",
      "name_pt": "Rotação controlada do quadril (CARs)",
      "name_en": "Hip CARs (controlled rotations)",
      "phase": "pre",
      "style": "dynamic",
      "region": "hips",
      "tags": [
        "hips",
        "mobility"
      ],
      "level": "advanced",
      "default_duration_s": 30,
      "cue": "Faça rotações lentas do quadril mantendo o tronco firme.",
      "video": {
        "provider": "youtube",
        "youtubeId": null,
        "searchQuery": "Hip CARs (controlled rotations) stretch"
      }
    },
    {
      "id": "pre_leg_swings_front-to-back",
      "name_pt": "Balanço de perna frente/trás",
      "name_en": "Leg swings (front-to-back)",
      "phase": "pre",
      "style": "dynamic",
      "region": "hips",
      "tags": [
        "legs",
        "mobility"
      ],
      "level": "beginner",
      "default_duration_s": 30,
      "cue": "Balance a perna para frente e para trás com controle.",
      "video": {
        "provider": "youtube",
        "youtubeId": null,
        "searchQuery": "Leg swings (front-to-back) stretch"
      }
    },
    {
      "id": "pre_leg_swings_side-to-side",
      "name_pt": "Balanço de perna lateral",
      "name_en": "Leg swings (side-to-side)",
      "phase": "pre",
      "style": "dynamic",
      "region": "hips",
      "tags": [
        "legs",
        "mobility"
      ],
      "level": "beginner",
      "default_duration_s": 30,
      "cue": "Balance a perna de um lado para outro, sem girar o tronco.",
      "video": {
        "provider": "youtube",
        "youtubeId": null,
        "searchQuery": "Leg swings (side-to-side) stretch"
      }
    },
    {
      "id": "pre_walking_lunges",
      "name_pt": "Passada andando",
      "name_en": "Walking lunges",
      "phase": "pre",
      "style": "dynamic",
      "region": "legs",
      "tags": [
        "legs",
        "warmup"
      ],
      "level": "intermediate",
      "default_duration_s": 30,
      "cue": "Faça avanços alternando as pernas em passos curtos e controlados.",
      "video": {
        "provider": "youtube",
        "youtubeId": null,
        "searchQuery": "Walking lunges stretch"
      }
    },
    {
      "id": "pre_reverse_lunge_reach",
      "name_pt": "Passada reversa + alcance",
      "name_en": "Reverse lunge + reach",
      "phase": "pre",
      "style": "dynamic",
      "region": "legs",
      "tags": [
        "legs",
        "warmup"
      ],
      "level": "intermediate",
      "default_duration_s": 30,
      "cue": "Dê um passo para trás e alcance o braço à frente/alto.",
      "video": {
        "provider": "youtube",
        "youtubeId": null,
        "searchQuery": "Reverse lunge + reach stretch"
      }
    },
    {
      "id": "pre_lateral_lunges",
      "name_pt": "Passada lateral",
      "name_en": "Lateral lunges",
      "phase": "pre",
      "style": "dynamic",
      "region": "legs",
      "tags": [
        "legs",
        "warmup"
      ],
      "level": "intermediate",
      "default_duration_s": 30,
      "cue": "Desça para um lado e volte ao centro, alternando.",
      "video": {
        "provider": "youtube",
        "youtubeId": null,
        "searchQuery": "Lateral lunges stretch"
      }
    },
    {
      "id": "pre_squat-to-stand",
      "name_pt": "Agacha e estende (squat-to-stand)",
      "name_en": "Squat-to-stand",
      "phase": "pre",
      "style": "dynamic",
      "region": "legs",
      "tags": [
        "legs",
        "mobility"
      ],
      "level": "beginner",
      "default_duration_s": 30,
      "cue": "Agache, segure nos pés e estenda os joelhos levantando o quadril.",
      "video": {
        "provider": "youtube",
        "youtubeId": null,
        "searchQuery": "Squat-to-stand stretch"
      }
    },
    {
      "id": "pre_inchworm",
      "name_pt": "Inchworm",
      "name_en": "Inchworm",
      "phase": "pre",
      "style": "dynamic",
      "region": "full_body",
      "tags": [
        "full_body",
        "warmup"
      ],
      "level": "intermediate",
      "default_duration_s": 30,
      "cue": "Caminhe com as mãos até prancha e volte, mantendo pernas o mais estendidas possível.",
      "video": {
        "provider": "youtube",
        "youtubeId": null,
        "searchQuery": "Inchworm stretch"
      }
    },
    {
      "id": "pre_worlds_greatest_stretch_dynamic",
      "name_pt": "World’s Greatest Stretch (dinâmico)",
      "name_en": "World’s Greatest Stretch (dynamic)",
      "phase": "pre",
      "style": "dynamic",
      "region": "full_body",
      "tags": [
        "full_body",
        "mobility"
      ],
      "level": "advanced",
      "default_duration_s": 30,
      "cue": "Afundo com rotação de tronco e extensão de quadril, alternando.",
      "video": {
        "provider": "youtube",
        "youtubeId": null,
        "searchQuery": "World’s Greatest Stretch (dynamic) stretch"
      }
    },
    {
      "id": "pre_a-skips_light",
      "name_pt": "Skips (joelho alto leve)",
      "name_en": "A-skips (light)",
      "phase": "pre",
      "style": "dynamic",
      "region": "legs",
      "tags": [
        "cardio",
        "warmup"
      ],
      "level": "beginner",
      "default_duration_s": 30,
      "cue": "Dê passinhos com joelho alto, sem impacto forte.",
      "video": {
        "provider": "youtube",
        "youtubeId": null,
        "searchQuery": "A-skips (light) stretch"
      }
    },
    {
      "id": "pre_high_knees",
      "name_pt": "Joelho alto",
      "name_en": "High knees",
      "phase": "pre",
      "style": "dynamic",
      "region": "legs",
      "tags": [
        "cardio",
        "warmup"
      ],
      "level": "intermediate",
      "default_duration_s": 30,
      "cue": "Corra no lugar elevando os joelhos.",
      "video": {
        "provider": "youtube",
        "youtubeId": null,
        "searchQuery": "High knees stretch"
      }
    },
    {
      "id": "pre_butt_kicks",
      "name_pt": "Calcanhar no glúteo",
      "name_en": "Butt kicks",
      "phase": "pre",
      "style": "dynamic",
      "region": "legs",
      "tags": [
        "cardio",
        "warmup"
      ],
      "level": "intermediate",
      "default_duration_s": 30,
      "cue": "Corra no lugar levando o calcanhar ao glúteo.",
      "video": {
        "provider": "youtube",
        "youtubeId": null,
        "searchQuery": "Butt kicks stretch"
      }
    },
    {
      "id": "pre_jumping_jacks_light",
      "name_pt": "Polichinelos leves",
      "name_en": "Jumping jacks (light)",
      "phase": "pre",
      "style": "dynamic",
      "region": "full_body",
      "tags": [
        "cardio",
        "warmup"
      ],
      "level": "beginner",
      "default_duration_s": 30,
      "cue": "Polichinelos em ritmo confortável.",
      "video": {
        "provider": "youtube",
        "youtubeId": null,
        "searchQuery": "Jumping jacks (light) stretch"
      }
    },
    {
      "id": "pre_side_shuffle",
      "name_pt": "Deslocamento lateral",
      "name_en": "Side shuffle",
      "phase": "pre",
      "style": "dynamic",
      "region": "legs",
      "tags": [
        "cardio",
        "warmup"
      ],
      "level": "beginner",
      "default_duration_s": 30,
      "cue": "Desloque-se lateralmente em passos rápidos e curtos.",
      "video": {
        "provider": "youtube",
        "youtubeId": null,
        "searchQuery": "Side shuffle stretch"
      }
    },
    {
      "id": "pre_carioca_grapevine",
      "name_pt": "Carioca (passada cruzada)",
      "name_en": "Carioca (grapevine)",
      "phase": "pre",
      "style": "dynamic",
      "region": "legs",
      "tags": [
        "cardio",
        "coordination"
      ],
      "level": "intermediate",
      "default_duration_s": 30,
      "cue": "Passos cruzados laterais com tronco estável.",
      "video": {
        "provider": "youtube",
        "youtubeId": null,
        "searchQuery": "Carioca (grapevine) stretch"
      }
    },
    {
      "id": "pre_ankle_dorsiflexion_rocks_knee-to-wall",
      "name_pt": "Mobilidade de tornozelo (joelho na parede)",
      "name_en": "Ankle dorsiflexion rocks (knee-to-wall)",
      "phase": "pre",
      "style": "dynamic",
      "region": "ankles",
      "tags": [
        "ankles",
        "mobility"
      ],
      "level": "beginner",
      "default_duration_s": 30,
      "cue": "Leve o joelho à parede sem tirar o calcanhar do chão, alternando.",
      "video": {
        "provider": "youtube",
        "youtubeId": null,
        "searchQuery": "Ankle dorsiflexion rocks (knee-to-wall) stretch"
      }
    },
    {
      "id": "pre_ankle_circles",
      "name_pt": "Círculos de tornozelo",
      "name_en": "Ankle circles",
      "phase": "pre",
      "style": "dynamic",
      "region": "ankles",
      "tags": [
        "ankles",
        "mobility"
      ],
      "level": "beginner",
      "default_duration_s": 30,
      "cue": "Gire o tornozelo em círculos para ambos os lados.",
      "video": {
        "provider": "youtube",
        "youtubeId": null,
        "searchQuery": "Ankle circles stretch"
      }
    },
    {
      "id": "pre_calf_raises",
      "name_pt": "Elevação de panturrilha",
      "name_en": "Calf raises",
      "phase": "pre",
      "style": "dynamic",
      "region": "calves",
      "tags": [
        "ankles",
        "activation"
      ],
      "level": "beginner",
      "default_duration_s": 30,
      "cue": "Suba e desça na ponta dos pés em ritmo controlado.",
      "video": {
        "provider": "youtube",
        "youtubeId": null,
        "searchQuery": "Calf raises stretch"
      }
    },
    {
      "id": "pre_tibialis_raises",
      "name_pt": "Elevação tibial",
      "name_en": "Tibialis raises",
      "phase": "pre",
      "style": "dynamic",
      "region": "shins",
      "tags": [
        "ankles",
        "activation"
      ],
      "level": "intermediate",
      "default_duration_s": 30,
      "cue": "Encoste as costas na parede e levante a ponta dos pés.",
      "video": {
        "provider": "youtube",
        "youtubeId": null,
        "searchQuery": "Tibialis raises stretch"
      }
    },
    {
      "id": "pre_wrist_circles",
      "name_pt": "Mobilidade de punho (círculos)",
      "name_en": "Wrist circles",
      "phase": "pre",
      "style": "dynamic",
      "region": "wrists",
      "tags": [
        "upper",
        "mobility"
      ],
      "level": "beginner",
      "default_duration_s": 30,
      "cue": "Faça círculos com os punhos para ambos os lados.",
      "video": {
        "provider": "youtube",
        "youtubeId": null,
        "searchQuery": "Wrist circles stretch"
      }
    },
    {
      "id": "pre_wrist_rocks_quadruped",
      "name_pt": "Rocking de punho (posição de quatro apoios)",
      "name_en": "Wrist rocks (quadruped)",
      "phase": "pre",
      "style": "dynamic",
      "region": "wrists",
      "tags": [
        "upper",
        "mobility"
      ],
      "level": "intermediate",
      "default_duration_s": 30,
      "cue": "Em quatro apoios, leve o peso para frente e para trás suavemente.",
      "video": {
        "provider": "youtube",
        "youtubeId": null,
        "searchQuery": "Wrist rocks (quadruped) stretch"
      }
    },
    {
      "id": "pre_bodyweight_good_mornings",
      "name_pt": "Good morning sem peso",
      "name_en": "Bodyweight good mornings",
      "phase": "pre",
      "style": "dynamic",
      "region": "hamstrings",
      "tags": [
        "posterior_chain",
        "warmup"
      ],
      "level": "beginner",
      "default_duration_s": 30,
      "cue": "Incline o tronco com coluna neutra e volte, ativando posteriores.",
      "video": {
        "provider": "youtube",
        "youtubeId": null,
        "searchQuery": "Bodyweight good mornings stretch"
      }
    },
    {
      "id": "pre_glute_bridge_dynamic",
      "name_pt": "Ponte de glúteo (dinâmico)",
      "name_en": "Glute bridge (dynamic)",
      "phase": "pre",
      "style": "dynamic",
      "region": "glutes",
      "tags": [
        "posterior_chain",
        "activation"
      ],
      "level": "beginner",
      "default_duration_s": 30,
      "cue": "Eleve e desça o quadril contraindo glúteos.",
      "video": {
        "provider": "youtube",
        "youtubeId": null,
        "searchQuery": "Glute bridge (dynamic) stretch"
      }
    },
    {
      "id": "pre_bodyweight_squats_controlled",
      "name_pt": "Agachamento com pausa curta",
      "name_en": "Bodyweight squats (controlled)",
      "phase": "pre",
      "style": "dynamic",
      "region": "legs",
      "tags": [
        "legs",
        "warmup"
      ],
      "level": "beginner",
      "default_duration_s": 30,
      "cue": "Agache e suba com controle, sem pressa.",
      "video": {
        "provider": "youtube",
        "youtubeId": null,
        "searchQuery": "Bodyweight squats (controlled) stretch"
      }
    },
    {
      "id": "pre_hip_hinge_reach",
      "name_pt": "Hinge + alcance",
      "name_en": "Hip hinge + reach",
      "phase": "pre",
      "style": "dynamic",
      "region": "hips",
      "tags": [
        "posterior_chain",
        "mobility"
      ],
      "level": "intermediate",
      "default_duration_s": 30,
      "cue": "Faça hinge e alcance à frente mantendo a coluna neutra.",
      "video": {
        "provider": "youtube",
        "youtubeId": null,
        "searchQuery": "Hip hinge + reach stretch"
      }
    },
    {
      "id": "pre_seated_hip_irer_switches",
      "name_pt": "Rotação interna/externa de quadril sentado",
      "name_en": "Seated hip IR/ER switches",
      "phase": "pre",
      "style": "dynamic",
      "region": "hips",
      "tags": [
        "hips",
        "mobility"
      ],
      "level": "intermediate",
      "default_duration_s": 30,
      "cue": "Alterne os joelhos para os lados mantendo o quadril no chão.",
      "video": {
        "provider": "youtube",
        "youtubeId": null,
        "searchQuery": "Seated hip IR/ER switches stretch"
      }
    },
    {
      "id": "pre_alternating_lunges_dynamic",
      "name_pt": "Afundo alternado (dinâmico)",
      "name_en": "Alternating lunges (dynamic)",
      "phase": "pre",
      "style": "dynamic",
      "region": "legs",
      "tags": [
        "legs",
        "warmup"
      ],
      "level": "beginner",
      "default_duration_s": 30,
      "cue": "Faça afundos alternando sem segurar embaixo.",
      "video": {
        "provider": "youtube",
        "youtubeId": null,
        "searchQuery": "Alternating lunges (dynamic) stretch"
      }
    },
    {
      "id": "pre_step-back_knee_drive",
      "name_pt": "Step-back + joelho alto",
      "name_en": "Step-back + knee drive",
      "phase": "pre",
      "style": "dynamic",
      "region": "legs",
      "tags": [
        "legs",
        "warmup"
      ],
      "level": "intermediate",
      "default_duration_s": 30,
      "cue": "Pise para trás e traga o joelho à frente, alternando.",
      "video": {
        "provider": "youtube",
        "youtubeId": null,
        "searchQuery": "Step-back + knee drive stretch"
      }
    },
    {
      "id": "pre_quadruped_thoracic_rotations",
      "name_pt": "Rotação de coluna em quatro apoios",
      "name_en": "Quadruped thoracic rotations",
      "phase": "pre",
      "style": "dynamic",
      "region": "thoracic_spine",
      "tags": [
        "spine",
        "mobility"
      ],
      "level": "intermediate",
      "default_duration_s": 30,
      "cue": "Em quatro apoios, leve o cotovelo ao teto e depois ao chão.",
      "video": {
        "provider": "youtube",
        "youtubeId": null,
        "searchQuery": "Quadruped thoracic rotations stretch"
      }
    },
    {
      "id": "pre_arm-extended_trunk_rotations",
      "name_pt": "Rotação de tronco com braços estendidos",
      "name_en": "Arm-extended trunk rotations",
      "phase": "pre",
      "style": "dynamic",
      "region": "thoracic_spine",
      "tags": [
        "spine",
        "warmup"
      ],
      "level": "beginner",
      "default_duration_s": 30,
      "cue": "Braços estendidos à frente, gire o tronco alternando lados.",
      "video": {
        "provider": "youtube",
        "youtubeId": null,
        "searchQuery": "Arm-extended trunk rotations stretch"
      }
    },
    {
      "id": "pre_dynamic_hip_flexor_rocks",
      "name_pt": "Alongamento dinâmico de flexores do quadril (afundo balançando)",
      "name_en": "Dynamic hip flexor rocks",
      "phase": "pre",
      "style": "dynamic",
      "region": "hips",
      "tags": [
        "hips",
        "warmup"
      ],
      "level": "intermediate",
      "default_duration_s": 30,
      "cue": "No afundo ajoelhado, avance e recue levemente o quadril.",
      "video": {
        "provider": "youtube",
        "youtubeId": null,
        "searchQuery": "Dynamic hip flexor rocks stretch"
      }
    },
    {
      "id": "pre_adductor_rockbacks",
      "name_pt": "Alongamento dinâmico de adutores (rockbacks)",
      "name_en": "Adductor rockbacks",
      "phase": "pre",
      "style": "dynamic",
      "region": "hips",
      "tags": [
        "hips",
        "mobility"
      ],
      "level": "intermediate",
      "default_duration_s": 30,
      "cue": "Em quatro apoios, uma perna estendida ao lado, sente o quadril para trás e volte.",
      "video": {
        "provider": "youtube",
        "youtubeId": null,
        "searchQuery": "Adductor rockbacks stretch"
      }
    },
    {
      "id": "pre_band_external_rotations_light",
      "name_pt": "Rotação externa de ombro com elástico (leve)",
      "name_en": "Band external rotations (light)",
      "phase": "pre",
      "style": "dynamic",
      "region": "shoulders",
      "tags": [
        "upper",
        "activation"
      ],
      "level": "intermediate",
      "default_duration_s": 30,
      "cue": "Com elástico leve, rode o antebraço para fora mantendo o cotovelo perto do corpo.",
      "video": {
        "provider": "youtube",
        "youtubeId": null,
        "searchQuery": "Band external rotations (light) stretch"
      }
    },
    {
      "id": "pre_band_face_pulls_light",
      "name_pt": "Face pulls com elástico (leve)",
      "name_en": "Band face pulls (light)",
      "phase": "pre",
      "style": "dynamic",
      "region": "upper_back",
      "tags": [
        "upper",
        "activation"
      ],
      "level": "intermediate",
      "default_duration_s": 30,
      "cue": "Puxe o elástico em direção ao rosto, apertando as escápulas.",
      "video": {
        "provider": "youtube",
        "youtubeId": null,
        "searchQuery": "Band face pulls (light) stretch"
      }
    },
    {
      "id": "pre_plank_to_downward_dog_dynamic",
      "name_pt": "Prancha para cachorro olhando pra baixo (dinâmico)",
      "name_en": "Plank to downward dog (dynamic)",
      "phase": "pre",
      "style": "dynamic",
      "region": "full_body",
      "tags": [
        "full_body",
        "mobility"
      ],
      "level": "intermediate",
      "default_duration_s": 30,
      "cue": "Da prancha, empurre o quadril para trás e volte.",
      "video": {
        "provider": "youtube",
        "youtubeId": null,
        "searchQuery": "Plank to downward dog (dynamic) stretch"
      }
    },
    {
      "id": "pre_segmented_roll-down",
      "name_pt": "Mobilidade de coluna 'segmentada' (roll down)",
      "name_en": "Segmented roll-down",
      "phase": "pre",
      "style": "dynamic",
      "region": "spine",
      "tags": [
        "spine",
        "mobility"
      ],
      "level": "beginner",
      "default_duration_s": 30,
      "cue": "Desça vértebra por vértebra e suba devagar.",
      "video": {
        "provider": "youtube",
        "youtubeId": null,
        "searchQuery": "Segmented roll-down stretch"
      }
    },
    {
      "id": "pre_knee_lifts_with_rotation",
      "name_pt": "Elevação de joelho com rotação",
      "name_en": "Knee lifts with rotation",
      "phase": "pre",
      "style": "dynamic",
      "region": "hips",
      "tags": [
        "hips",
        "warmup"
      ],
      "level": "beginner",
      "default_duration_s": 30,
      "cue": "Eleve o joelho e gire o tronco levemente, alternando.",
      "video": {
        "provider": "youtube",
        "youtubeId": null,
        "searchQuery": "Knee lifts with rotation stretch"
      }
    },
    {
      "id": "pre_lunge_with_thoracic_rotation",
      "name_pt": "Passada com rotação torácica",
      "name_en": "Lunge with thoracic rotation",
      "phase": "pre",
      "style": "dynamic",
      "region": "full_body",
      "tags": [
        "full_body",
        "mobility"
      ],
      "level": "advanced",
      "default_duration_s": 30,
      "cue": "No afundo, gire o tronco em direção à perna da frente.",
      "video": {
        "provider": "youtube",
        "youtubeId": null,
        "searchQuery": "Lunge with thoracic rotation stretch"
      }
    },
    {
      "id": "pre_9090_hip_switches_dynamic",
      "name_pt": "Mobilidade de quadril '90/90' (dinâmico)",
      "name_en": "90/90 hip switches (dynamic)",
      "phase": "pre",
      "style": "dynamic",
      "region": "hips",
      "tags": [
        "hips",
        "mobility"
      ],
      "level": "intermediate",
      "default_duration_s": 30,
      "cue": "Troque as pernas na posição 90/90 de um lado para o outro.",
      "video": {
        "provider": "youtube",
        "youtubeId": null,
        "searchQuery": "90/90 hip switches (dynamic) stretch"
      }
    },
    {
      "id": "pre_pogo_hops_low_impact",
      "name_pt": "Pulos no lugar (baixo impacto)",
      "name_en": "Pogo hops (low impact)",
      "phase": "pre",
      "style": "dynamic",
      "region": "calves",
      "tags": [
        "cardio",
        "activation"
      ],
      "level": "intermediate",
      "default_duration_s": 30,
      "cue": "Pequenos pulos rápidos, mantendo os joelhos quase estendidos.",
      "video": {
        "provider": "youtube",
        "youtubeId": null,
        "searchQuery": "Pogo hops (low impact) stretch"
      }
    },
    {
      "id": "pre_lunge_with_overhead_reach",
      "name_pt": "Passada com elevação de braços",
      "name_en": "Lunge with overhead reach",
      "phase": "pre",
      "style": "dynamic",
      "region": "full_body",
      "tags": [
        "full_body",
        "warmup"
      ],
      "level": "intermediate",
      "default_duration_s": 30,
      "cue": "Faça afundo e eleve os braços acima da cabeça.",
      "video": {
        "provider": "youtube",
        "youtubeId": null,
        "searchQuery": "Lunge with overhead reach stretch"
      }
    },
    {
      "id": "pre_alternating_side_squats",
      "name_pt": "Agachamento lateral alternado",
      "name_en": "Alternating side squats",
      "phase": "pre",
      "style": "dynamic",
      "region": "legs",
      "tags": [
        "legs",
        "warmup"
      ],
      "level": "intermediate",
      "default_duration_s": 30,
      "cue": "Agache para um lado e depois para o outro.",
      "video": {
        "provider": "youtube",
        "youtubeId": null,
        "searchQuery": "Alternating side squats stretch"
      }
    },
    {
      "id": "pre_ankle_circles_toe_points",
      "name_pt": "Rotação de tornozelo + ponta do pé",
      "name_en": "Ankle circles + toe points",
      "phase": "pre",
      "style": "dynamic",
      "region": "ankles",
      "tags": [
        "ankles",
        "mobility"
      ],
      "level": "beginner",
      "default_duration_s": 30,
      "cue": "Gire o tornozelo e aponte/flexione o pé.",
      "video": {
        "provider": "youtube",
        "youtubeId": null,
        "searchQuery": "Ankle circles + toe points stretch"
      }
    },
    {
      "id": "pre_pvc_shoulder_pass-throughs",
      "name_pt": "Mobilidade de ombro com bastão (pass-through)",
      "name_en": "PVC shoulder pass-throughs",
      "phase": "pre",
      "style": "dynamic",
      "region": "shoulders",
      "tags": [
        "upper",
        "mobility"
      ],
      "level": "intermediate",
      "default_duration_s": 30,
      "cue": "Com bastão, leve os braços de frente para trás com controle.",
      "video": {
        "provider": "youtube",
        "youtubeId": null,
        "searchQuery": "PVC shoulder pass-throughs stretch"
      }
    },
    {
      "id": "pre_reach_and_rotate_t-spine",
      "name_pt": "Reach e rotação (T-spine)",
      "name_en": "Reach and rotate (T-spine)",
      "phase": "pre",
      "style": "dynamic",
      "region": "thoracic_spine",
      "tags": [
        "spine",
        "mobility"
      ],
      "level": "intermediate",
      "default_duration_s": 30,
      "cue": "Em posição de afundo, alcance e gire abrindo o peito.",
      "video": {
        "provider": "youtube",
        "youtubeId": null,
        "searchQuery": "Reach and rotate (T-spine) stretch"
      }
    },
    {
      "id": "pre_single-leg_glute_bridge_dynamic",
      "name_pt": "Ponte de glúteo unilateral (dinâmico)",
      "name_en": "Single-leg glute bridge (dynamic)",
      "phase": "pre",
      "style": "dynamic",
      "region": "glutes",
      "tags": [
        "posterior_chain",
        "activation"
      ],
      "level": "advanced",
      "default_duration_s": 30,
      "cue": "Eleve o quadril com uma perna estendida, alternando.",
      "video": {
        "provider": "youtube",
        "youtubeId": null,
        "searchQuery": "Single-leg glute bridge (dynamic) stretch"
      }
    },
    {
      "id": "pre_knee_lift_hip_open",
      "name_pt": "Elevação de joelho + abertura",
      "name_en": "Knee lift + hip open",
      "phase": "pre",
      "style": "dynamic",
      "region": "hips",
      "tags": [
        "hips",
        "mobility"
      ],
      "level": "beginner",
      "default_duration_s": 30,
      "cue": "Eleve o joelho e abra para fora antes de baixar.",
      "video": {
        "provider": "youtube",
        "youtubeId": null,
        "searchQuery": "Knee lift + hip open stretch"
      }
    },
    {
      "id": "pre_squat_ankle_rocks",
      "name_pt": "Mobilidade de tornozelo em agachamento (rocks)",
      "name_en": "Squat ankle rocks",
      "phase": "pre",
      "style": "dynamic",
      "region": "ankles",
      "tags": [
        "ankles",
        "mobility"
      ],
      "level": "intermediate",
      "default_duration_s": 30,
      "cue": "No agachamento, empurre os joelhos à frente alternando.",
      "video": {
        "provider": "youtube",
        "youtubeId": null,
        "searchQuery": "Squat ankle rocks stretch"
      }
    },
    {
      "id": "pre_band_pull-aparts",
      "name_pt": "Scapular pull-aparts (elástico)",
      "name_en": "Band pull-aparts",
      "phase": "pre",
      "style": "dynamic",
      "region": "upper_back",
      "tags": [
        "upper",
        "activation"
      ],
      "level": "beginner",
      "default_duration_s": 30,
      "cue": "Abra o elástico na altura do peito, apertando as escápulas.",
      "video": {
        "provider": "youtube",
        "youtubeId": null,
        "searchQuery": "Band pull-aparts stretch"
      }
    },
    {
      "id": "pre_lateral_hops_low_impact",
      "name_pt": "Hops laterais (baixo impacto)",
      "name_en": "Lateral hops (low impact)",
      "phase": "pre",
      "style": "dynamic",
      "region": "legs",
      "tags": [
        "cardio",
        "warmup"
      ],
      "level": "intermediate",
      "default_duration_s": 30,
      "cue": "Pequenos saltos de um lado para outro com controle.",
      "video": {
        "provider": "youtube",
        "youtubeId": null,
        "searchQuery": "Lateral hops (low impact) stretch"
      }
    },
    {
      "id": "pre_active_knee_flexionextension",
      "name_pt": "Mobilidade de joelho (extensão/flexão ativa)",
      "name_en": "Active knee flexion/extension",
      "phase": "pre",
      "style": "dynamic",
      "region": "knees",
      "tags": [
        "legs",
        "mobility"
      ],
      "level": "beginner",
      "default_duration_s": 30,
      "cue": "Flexione e estenda o joelho sem dor, alternando.",
      "video": {
        "provider": "youtube",
        "youtubeId": null,
        "searchQuery": "Active knee flexion/extension stretch"
      }
    },
    {
      "id": "pre_wrist_rotations_fingers_spread",
      "name_pt": "Rotação de punho com dedos abertos",
      "name_en": "Wrist rotations (fingers spread)",
      "phase": "pre",
      "style": "dynamic",
      "region": "wrists",
      "tags": [
        "upper",
        "mobility"
      ],
      "level": "beginner",
      "default_duration_s": 30,
      "cue": "Gire os punhos mantendo os dedos bem abertos.",
      "video": {
        "provider": "youtube",
        "youtubeId": null,
        "searchQuery": "Wrist rotations (fingers spread) stretch"
      }
    },
    {
      "id": "pre_high_plank_to_low_plank_controlled",
      "name_pt": "Prancha alta para prancha baixa (controlada)",
      "name_en": "High plank to low plank (controlled)",
      "phase": "pre",
      "style": "dynamic",
      "region": "full_body",
      "tags": [
        "full_body",
        "activation"
      ],
      "level": "advanced",
      "default_duration_s": 30,
      "cue": "Desça para antebraços e volte, alternando braços.",
      "video": {
        "provider": "youtube",
        "youtubeId": null,
        "searchQuery": "High plank to low plank (controlled) stretch"
      }
    },
    {
      "id": "pre_bird-dog_dynamic",
      "name_pt": "Bird-dog (dinâmico)",
      "name_en": "Bird-dog (dynamic)",
      "phase": "pre",
      "style": "dynamic",
      "region": "spine",
      "tags": [
        "core",
        "activation"
      ],
      "level": "intermediate",
      "default_duration_s": 30,
      "cue": "Estenda braço e perna opostos alternando.",
      "video": {
        "provider": "youtube",
        "youtubeId": null,
        "searchQuery": "Bird-dog (dynamic) stretch"
      }
    },
    {
      "id": "pre_dead_bug_dynamic",
      "name_pt": "Dead bug (dinâmico)",
      "name_en": "Dead bug (dynamic)",
      "phase": "pre",
      "style": "dynamic",
      "region": "core",
      "tags": [
        "core",
        "activation"
      ],
      "level": "intermediate",
      "default_duration_s": 30,
      "cue": "Alterne braço/perna mantendo a lombar estável.",
      "video": {
        "provider": "youtube",
        "youtubeId": null,
        "searchQuery": "Dead bug (dynamic) stretch"
      }
    },
    {
      "id": "pre_leg_raise_to_bench_dynamic",
      "name_pt": "Pé no banco + mobilidade (dinâmico)",
      "name_en": "Leg raise to bench (dynamic)",
      "phase": "pre",
      "style": "dynamic",
      "region": "legs",
      "tags": [
        "legs",
        "mobility"
      ],
      "level": "intermediate",
      "default_duration_s": 30,
      "cue": "Apoie o calcanhar e faça pequenas inclinações com coluna neutra.",
      "video": {
        "provider": "youtube",
        "youtubeId": null,
        "searchQuery": "Leg raise to bench (dynamic) stretch"
      }
    },
    {
      "id": "pre_shoulder_9090_rotations",
      "name_pt": "Rotação externa/interna de ombro (braço 90°)",
      "name_en": "Shoulder 90/90 rotations",
      "phase": "pre",
      "style": "dynamic",
      "region": "shoulders",
      "tags": [
        "upper",
        "mobility"
      ],
      "level": "intermediate",
      "default_duration_s": 30,
      "cue": "Com cotovelos a 90°, rode os antebraços para cima/baixo.",
      "video": {
        "provider": "youtube",
        "youtubeId": null,
        "searchQuery": "Shoulder 90/90 rotations stretch"
      }
    },
    {
      "id": "pre_squat_hip_openers",
      "name_pt": "Abertura de quadril no agachamento",
      "name_en": "Squat hip openers",
      "phase": "pre",
      "style": "dynamic",
      "region": "hips",
      "tags": [
        "hips",
        "mobility"
      ],
      "level": "intermediate",
      "default_duration_s": 30,
      "cue": "No agachamento, empurre os joelhos para fora e volte.",
      "video": {
        "provider": "youtube",
        "youtubeId": null,
        "searchQuery": "Squat hip openers stretch"
      }
    },
    {
      "id": "pre_ankle_rocks_with_heel_raise",
      "name_pt": "Mobilidade de tornozelo com elevação do calcanhar",
      "name_en": "Ankle rocks with heel raise",
      "phase": "pre",
      "style": "dynamic",
      "region": "ankles",
      "tags": [
        "ankles",
        "mobility"
      ],
      "level": "beginner",
      "default_duration_s": 30,
      "cue": "Balance para frente e eleve levemente o calcanhar, alternando.",
      "video": {
        "provider": "youtube",
        "youtubeId": null,
        "searchQuery": "Ankle rocks with heel raise stretch"
      }
    },
    {
      "id": "pre_quadruped_glute_kickbacks",
      "name_pt": "Kickbacks de glúteo (em quatro apoios)",
      "name_en": "Quadruped glute kickbacks",
      "phase": "pre",
      "style": "dynamic",
      "region": "glutes",
      "tags": [
        "posterior_chain",
        "activation"
      ],
      "level": "beginner",
      "default_duration_s": 30,
      "cue": "Empurre o calcanhar para cima mantendo o quadril estável.",
      "video": {
        "provider": "youtube",
        "youtubeId": null,
        "searchQuery": "Quadruped glute kickbacks stretch"
      }
    },
    {
      "id": "pre_side-lying_hip_abductions",
      "name_pt": "Abdução de quadril (deitado lado)",
      "name_en": "Side-lying hip abductions",
      "phase": "pre",
      "style": "dynamic",
      "region": "hips",
      "tags": [
        "hips",
        "activation"
      ],
      "level": "beginner",
      "default_duration_s": 30,
      "cue": "Eleve a perna de cima com controle e desça.",
      "video": {
        "provider": "youtube",
        "youtubeId": null,
        "searchQuery": "Side-lying hip abductions stretch"
      }
    },
    {
      "id": "pre_palm-down_wrist_stretch_rocks",
      "name_pt": "Rotação de punho com palma no chão (joelhos)",
      "name_en": "Palm-down wrist stretch rocks",
      "phase": "pre",
      "style": "dynamic",
      "region": "wrists",
      "tags": [
        "upper",
        "mobility"
      ],
      "level": "advanced",
      "default_duration_s": 30,
      "cue": "Com palmas no chão, faça rockings suaves.",
      "video": {
        "provider": "youtube",
        "youtubeId": null,
        "searchQuery": "Palm-down wrist stretch rocks stretch"
      }
    },
    {
      "id": "post_neck_side_stretch",
      "name_pt": "Alongamento lateral de pescoço",
      "name_en": "Neck side stretch",
      "phase": "post",
      "style": "static",
      "region": "neck",
      "tags": [
        "upper",
        "relax"
      ],
      "level": "beginner",
      "default_duration_s": 30,
      "cue": "Incline a cabeça para o lado e segure sem dor.",
      "video": {
        "provider": "youtube",
        "youtubeId": null,
        "searchQuery": "Neck side stretch stretch"
      }
    },
    {
      "id": "post_upper_trapezius_stretch",
      "name_pt": "Alongamento de trapézio (olhando a axila)",
      "name_en": "Upper trapezius stretch",
      "phase": "post",
      "style": "static",
      "region": "neck",
      "tags": [
        "upper",
        "relax"
      ],
      "level": "beginner",
      "default_duration_s": 30,
      "cue": "Leve o queixo em direção à axila e segure suave.",
      "video": {
        "provider": "youtube",
        "youtubeId": null,
        "searchQuery": "Upper trapezius stretch stretch"
      }
    },
    {
      "id": "post_cross-body_shoulder_stretch",
      "name_pt": "Alongamento cruzado de ombro",
      "name_en": "Cross-body shoulder stretch",
      "phase": "post",
      "style": "static",
      "region": "shoulders",
      "tags": [
        "upper",
        "flexibility"
      ],
      "level": "beginner",
      "default_duration_s": 30,
      "cue": "Puxe o braço estendido à frente do peito.",
      "video": {
        "provider": "youtube",
        "youtubeId": null,
        "searchQuery": "Cross-body shoulder stretch stretch"
      }
    },
    {
      "id": "post_overhead_triceps_stretch",
      "name_pt": "Alongamento de tríceps acima da cabeça",
      "name_en": "Overhead triceps stretch",
      "phase": "post",
      "style": "static",
      "region": "arms",
      "tags": [
        "upper",
        "flexibility"
      ],
      "level": "beginner",
      "default_duration_s": 30,
      "cue": "Flexione o cotovelo atrás da cabeça e segure.",
      "video": {
        "provider": "youtube",
        "youtubeId": null,
        "searchQuery": "Overhead triceps stretch stretch"
      }
    },
    {
      "id": "post_doorway_chest_stretch",
      "name_pt": "Alongamento de peitoral na porta",
      "name_en": "Doorway chest stretch",
      "phase": "post",
      "style": "static",
      "region": "chest",
      "tags": [
        "upper",
        "flexibility"
      ],
      "level": "beginner",
      "default_duration_s": 30,
      "cue": "Antebraço na porta, gire o tronco para abrir o peito.",
      "video": {
        "provider": "youtube",
        "youtubeId": null,
        "searchQuery": "Doorway chest stretch stretch"
      }
    },
    {
      "id": "post_biceps_wall_stretch",
      "name_pt": "Alongamento de bíceps na parede",
      "name_en": "Biceps wall stretch",
      "phase": "post",
      "style": "static",
      "region": "arms",
      "tags": [
        "upper",
        "flexibility"
      ],
      "level": "intermediate",
      "default_duration_s": 30,
      "cue": "Mão na parede atrás do corpo e gire levemente o tronco.",
      "video": {
        "provider": "youtube",
        "youtubeId": null,
        "searchQuery": "Biceps wall stretch stretch"
      }
    },
    {
      "id": "post_childs_pose",
      "name_pt": "Postura da criança",
      "name_en": "Child’s pose",
      "phase": "post",
      "style": "static",
      "region": "lower_back",
      "tags": [
        "spine",
        "relax"
      ],
      "level": "beginner",
      "default_duration_s": 30,
      "cue": "Sente nos calcanhares e estenda os braços à frente.",
      "video": {
        "provider": "youtube",
        "youtubeId": null,
        "searchQuery": "Child’s pose stretch"
      }
    },
    {
      "id": "post_supine_spinal_twist",
      "name_pt": "Torção deitado (coluna)",
      "name_en": "Supine spinal twist",
      "phase": "post",
      "style": "static",
      "region": "spine",
      "tags": [
        "spine",
        "flexibility"
      ],
      "level": "beginner",
      "default_duration_s": 30,
      "cue": "Deitado, leve os joelhos para um lado e olhe para o outro.",
      "video": {
        "provider": "youtube",
        "youtubeId": null,
        "searchQuery": "Supine spinal twist stretch"
      }
    },
    {
      "id": "post_knees-to-chest_stretch",
      "name_pt": "Joelhos ao peito",
      "name_en": "Knees-to-chest stretch",
      "phase": "post",
      "style": "static",
      "region": "lower_back",
      "tags": [
        "spine",
        "relax"
      ],
      "level": "beginner",
      "default_duration_s": 30,
      "cue": "Abrace os joelhos e respire fundo.",
      "video": {
        "provider": "youtube",
        "youtubeId": null,
        "searchQuery": "Knees-to-chest stretch stretch"
      }
    },
    {
      "id": "post_cobra_stretch_gentle",
      "name_pt": "Cobra suave",
      "name_en": "Cobra stretch (gentle)",
      "phase": "post",
      "style": "static",
      "region": "spine",
      "tags": [
        "spine",
        "flexibility"
      ],
      "level": "intermediate",
      "default_duration_s": 30,
      "cue": "Eleve o peito do chão sem forçar a lombar.",
      "video": {
        "provider": "youtube",
        "youtubeId": null,
        "searchQuery": "Cobra stretch (gentle) stretch"
      }
    },
    {
      "id": "post_lat_stretch_wall",
      "name_pt": "Alongamento de dorsal/lat (na parede)",
      "name_en": "Lat stretch (wall)",
      "phase": "post",
      "style": "static",
      "region": "upper_back",
      "tags": [
        "upper",
        "flexibility"
      ],
      "level": "beginner",
      "default_duration_s": 30,
      "cue": "Mãos na parede, sente o quadril para trás e alongue as costas.",
      "video": {
        "provider": "youtube",
        "youtubeId": null,
        "searchQuery": "Lat stretch (wall) stretch"
      }
    },
    {
      "id": "post_thread_the_needle",
      "name_pt": "Thread the needle",
      "name_en": "Thread the needle",
      "phase": "post",
      "style": "static",
      "region": "upper_back",
      "tags": [
        "upper",
        "flexibility"
      ],
      "level": "intermediate",
      "default_duration_s": 30,
      "cue": "Em quatro apoios, passe o braço por baixo e desça o ombro.",
      "video": {
        "provider": "youtube",
        "youtubeId": null,
        "searchQuery": "Thread the needle stretch"
      }
    },
    {
      "id": "post_figure-4_glute_stretch",
      "name_pt": "Alongamento de glúteo (figura 4)",
      "name_en": "Figure-4 glute stretch",
      "phase": "post",
      "style": "static",
      "region": "glutes",
      "tags": [
        "hips",
        "flexibility"
      ],
      "level": "beginner",
      "default_duration_s": 30,
      "cue": "Cruze o tornozelo sobre o joelho e puxe a perna.",
      "video": {
        "provider": "youtube",
        "youtubeId": null,
        "searchQuery": "Figure-4 glute stretch stretch"
      }
    },
    {
      "id": "post_pigeon_pose",
      "name_pt": "Postura do pombo",
      "name_en": "Pigeon pose",
      "phase": "post",
      "style": "static",
      "region": "glutes",
      "tags": [
        "hips",
        "flexibility"
      ],
      "level": "advanced",
      "default_duration_s": 30,
      "cue": "Traga uma perna dobrada à frente e estenda a outra atrás.",
      "video": {
        "provider": "youtube",
        "youtubeId": null,
        "searchQuery": "Pigeon pose stretch"
      }
    },
    {
      "id": "post_half-kneeling_hip_flexor_stretch",
      "name_pt": "Alongamento do flexor do quadril ajoelhado",
      "name_en": "Half-kneeling hip flexor stretch",
      "phase": "post",
      "style": "static",
      "region": "hips",
      "tags": [
        "hips",
        "flexibility"
      ],
      "level": "beginner",
      "default_duration_s": 30,
      "cue": "Ajoelhado, avance o quadril para frente com tronco ereto.",
      "video": {
        "provider": "youtube",
        "youtubeId": null,
        "searchQuery": "Half-kneeling hip flexor stretch stretch"
      }
    },
    {
      "id": "post_runners_lunge_hold",
      "name_pt": "Afundo do corredor (segurando)",
      "name_en": "Runner’s lunge hold",
      "phase": "post",
      "style": "static",
      "region": "hips",
      "tags": [
        "hips",
        "flexibility"
      ],
      "level": "intermediate",
      "default_duration_s": 30,
      "cue": "No afundo, segure e respire sem colapsar a lombar.",
      "video": {
        "provider": "youtube",
        "youtubeId": null,
        "searchQuery": "Runner’s lunge hold stretch"
      }
    },
    {
      "id": "post_butterfly_stretch",
      "name_pt": "Alongamento de adutores (borboleta)",
      "name_en": "Butterfly stretch",
      "phase": "post",
      "style": "static",
      "region": "hips",
      "tags": [
        "hips",
        "flexibility"
      ],
      "level": "beginner",
      "default_duration_s": 30,
      "cue": "Sente, junte as solas dos pés e deixe os joelhos abrirem.",
      "video": {
        "provider": "youtube",
        "youtubeId": null,
        "searchQuery": "Butterfly stretch stretch"
      }
    },
    {
      "id": "post_frog_stretch",
      "name_pt": "Alongamento de adutores (sapo)",
      "name_en": "Frog stretch",
      "phase": "post",
      "style": "static",
      "region": "hips",
      "tags": [
        "hips",
        "flexibility"
      ],
      "level": "advanced",
      "default_duration_s": 30,
      "cue": "Joelhos abertos no chão, quadril para trás, segure.",
      "video": {
        "provider": "youtube",
        "youtubeId": null,
        "searchQuery": "Frog stretch stretch"
      }
    },
    {
      "id": "post_standing_quad_stretch",
      "name_pt": "Alongamento de quadríceps em pé",
      "name_en": "Standing quad stretch",
      "phase": "post",
      "style": "static",
      "region": "quads",
      "tags": [
        "legs",
        "flexibility"
      ],
      "level": "beginner",
      "default_duration_s": 30,
      "cue": "Puxe o pé em direção ao glúteo com joelhos juntos.",
      "video": {
        "provider": "youtube",
        "youtubeId": null,
        "searchQuery": "Standing quad stretch stretch"
      }
    },
    {
      "id": "post_couch_stretch",
      "name_pt": "Couch stretch",
      "name_en": "Couch stretch",
      "phase": "post",
      "style": "static",
      "region": "quads",
      "tags": [
        "legs",
        "flexibility"
      ],
      "level": "advanced",
      "default_duration_s": 30,
      "cue": "Joelho no chão perto da parede/sofá, tronco ereto.",
      "video": {
        "provider": "youtube",
        "youtubeId": null,
        "searchQuery": "Couch stretch stretch"
      }
    },
    {
      "id": "post_supine_hamstring_stretch",
      "name_pt": "Alongamento de isquiotibiais deitado",
      "name_en": "Supine hamstring stretch",
      "phase": "post",
      "style": "static",
      "region": "hamstrings",
      "tags": [
        "legs",
        "flexibility"
      ],
      "level": "beginner",
      "default_duration_s": 30,
      "cue": "Deitado, eleve a perna e segure atrás da coxa/panturrilha.",
      "video": {
        "provider": "youtube",
        "youtubeId": null,
        "searchQuery": "Supine hamstring stretch stretch"
      }
    },
    {
      "id": "post_seated_hamstring_stretch",
      "name_pt": "Alongamento de isquiotibiais sentado",
      "name_en": "Seated hamstring stretch",
      "phase": "post",
      "style": "static",
      "region": "hamstrings",
      "tags": [
        "legs",
        "flexibility"
      ],
      "level": "beginner",
      "default_duration_s": 30,
      "cue": "Sente e incline o tronco para a perna estendida.",
      "video": {
        "provider": "youtube",
        "youtubeId": null,
        "searchQuery": "Seated hamstring stretch stretch"
      }
    },
    {
      "id": "post_wall_calf_stretch_straight_knee",
      "name_pt": "Alongamento de panturrilha na parede (joelho estendido)",
      "name_en": "Wall calf stretch (straight knee)",
      "phase": "post",
      "style": "static",
      "region": "calves",
      "tags": [
        "legs",
        "flexibility"
      ],
      "level": "beginner",
      "default_duration_s": 30,
      "cue": "Pé atrás, calcanhar no chão, segure.",
      "video": {
        "provider": "youtube",
        "youtubeId": null,
        "searchQuery": "Wall calf stretch (straight knee) stretch"
      }
    },
    {
      "id": "post_wall_calf_stretch_bent_kneesoleus",
      "name_pt": "Alongamento de panturrilha na parede (joelho flexionado)",
      "name_en": "Wall calf stretch (bent knee/soleus)",
      "phase": "post",
      "style": "static",
      "region": "calves",
      "tags": [
        "legs",
        "flexibility"
      ],
      "level": "intermediate",
      "default_duration_s": 30,
      "cue": "Repita com o joelho de trás levemente flexionado.",
      "video": {
        "provider": "youtube",
        "youtubeId": null,
        "searchQuery": "Wall calf stretch (bent knee/soleus) stretch"
      }
    },
    {
      "id": "post_tibialis_anterior_stretch",
      "name_pt": "Alongamento de tibial anterior (ajoelhado)",
      "name_en": "Tibialis anterior stretch",
      "phase": "post",
      "style": "static",
      "region": "shins",
      "tags": [
        "legs",
        "flexibility"
      ],
      "level": "intermediate",
      "default_duration_s": 30,
      "cue": "Sente sobre os pés (peito do pé no chão) e segure suave.",
      "video": {
        "provider": "youtube",
        "youtubeId": null,
        "searchQuery": "Tibialis anterior stretch stretch"
      }
    },
    {
      "id": "post_ankle_dorsiflexion_stretch_seated",
      "name_pt": "Alongamento de tornozelo (dorsiflexão sentado)",
      "name_en": "Ankle dorsiflexion stretch (seated)",
      "phase": "post",
      "style": "static",
      "region": "ankles",
      "tags": [
        "ankles",
        "flexibility"
      ],
      "level": "beginner",
      "default_duration_s": 30,
      "cue": "Puxe a ponta do pé em direção à canela e segure.",
      "video": {
        "provider": "youtube",
        "youtubeId": null,
        "searchQuery": "Ankle dorsiflexion stretch (seated) stretch"
      }
    },
    {
      "id": "post_wrist_flexor_stretch",
      "name_pt": "Alongamento de flexores do punho",
      "name_en": "Wrist flexor stretch",
      "phase": "post",
      "style": "static",
      "region": "wrists",
      "tags": [
        "upper",
        "flexibility"
      ],
      "level": "beginner",
      "default_duration_s": 30,
      "cue": "Braço estendido, puxe os dedos para trás e segure.",
      "video": {
        "provider": "youtube",
        "youtubeId": null,
        "searchQuery": "Wrist flexor stretch stretch"
      }
    },
    {
      "id": "post_wrist_extensor_stretch",
      "name_pt": "Alongamento de extensores do punho",
      "name_en": "Wrist extensor stretch",
      "phase": "post",
      "style": "static",
      "region": "wrists",
      "tags": [
        "upper",
        "flexibility"
      ],
      "level": "beginner",
      "default_duration_s": 30,
      "cue": "Braço estendido, dobre a mão e puxe os dedos para baixo.",
      "video": {
        "provider": "youtube",
        "youtubeId": null,
        "searchQuery": "Wrist extensor stretch stretch"
      }
    },
    {
      "id": "post_it_band_stretch_standing_cross",
      "name_pt": "Alongamento de IT band (cruzado)",
      "name_en": "IT band stretch (standing cross)",
      "phase": "post",
      "style": "static",
      "region": "hips",
      "tags": [
        "legs",
        "flexibility"
      ],
      "level": "intermediate",
      "default_duration_s": 30,
      "cue": "Cruze as pernas e incline o tronco lateralmente.",
      "video": {
        "provider": "youtube",
        "youtubeId": null,
        "searchQuery": "IT band stretch (standing cross) stretch"
      }
    },
    {
      "id": "post_seated_piriformis_stretch",
      "name_pt": "Alongamento de piriforme sentado",
      "name_en": "Seated piriformis stretch",
      "phase": "post",
      "style": "static",
      "region": "glutes",
      "tags": [
        "hips",
        "flexibility"
      ],
      "level": "beginner",
      "default_duration_s": 30,
      "cue": "Perna cruzada, abrace o joelho e gire suave.",
      "video": {
        "provider": "youtube",
        "youtubeId": null,
        "searchQuery": "Seated piriformis stretch stretch"
      }
    },
    {
      "id": "post_happy_baby_gentle",
      "name_pt": "Alongamento de lombar em 'happy baby'",
      "name_en": "Happy baby (gentle)",
      "phase": "post",
      "style": "static",
      "region": "lower_back",
      "tags": [
        "spine",
        "relax"
      ],
      "level": "intermediate",
      "default_duration_s": 30,
      "cue": "Deitado, segure os pés com joelhos abertos e respire.",
      "video": {
        "provider": "youtube",
        "youtubeId": null,
        "searchQuery": "Happy baby (gentle) stretch"
      }
    },
    {
      "id": "post_downward_dog_hold",
      "name_pt": "Cachorro olhando pra baixo (segurando)",
      "name_en": "Downward dog hold",
      "phase": "post",
      "style": "static",
      "region": "calves",
      "tags": [
        "full_body",
        "flexibility"
      ],
      "level": "intermediate",
      "default_duration_s": 30,
      "cue": "Empurre o quadril para cima e para trás e segure.",
      "video": {
        "provider": "youtube",
        "youtubeId": null,
        "searchQuery": "Downward dog hold stretch"
      }
    },
    {
      "id": "post_chest_opener_hands_clasped_behind",
      "name_pt": "Alongamento de peitoral com mãos entrelaçadas atrás",
      "name_en": "Chest opener (hands clasped behind)",
      "phase": "post",
      "style": "static",
      "region": "chest",
      "tags": [
        "upper",
        "flexibility"
      ],
      "level": "beginner",
      "default_duration_s": 30,
      "cue": "Entrelaçe as mãos atrás e eleve suavemente os braços.",
      "video": {
        "provider": "youtube",
        "youtubeId": null,
        "searchQuery": "Chest opener (hands clasped behind) stretch"
      }
    },
    {
      "id": "post_posterior_shoulder_stretch_wall",
      "name_pt": "Alongamento de ombro posterior (mão na parede)",
      "name_en": "Posterior shoulder stretch (wall)",
      "phase": "post",
      "style": "static",
      "region": "shoulders",
      "tags": [
        "upper",
        "flexibility"
      ],
      "level": "intermediate",
      "default_duration_s": 30,
      "cue": "Mão na parede, gire o tronco para alongar o ombro.",
      "video": {
        "provider": "youtube",
        "youtubeId": null,
        "searchQuery": "Posterior shoulder stretch (wall) stretch"
      }
    },
    {
      "id": "post_ql_side_stretch",
      "name_pt": "Alongamento de quadrado lombar (lateral)",
      "name_en": "QL side stretch",
      "phase": "post",
      "style": "static",
      "region": "lower_back",
      "tags": [
        "spine",
        "flexibility"
      ],
      "level": "beginner",
      "default_duration_s": 30,
      "cue": "Em pé, alcance o braço por cima e incline para o lado.",
      "video": {
        "provider": "youtube",
        "youtubeId": null,
        "searchQuery": "QL side stretch stretch"
      }
    },
    {
      "id": "post_standing_hip_flexor_stretch",
      "name_pt": "Alongamento de flexores do quadril em pé",
      "name_en": "Standing hip flexor stretch",
      "phase": "post",
      "style": "static",
      "region": "hips",
      "tags": [
        "hips",
        "flexibility"
      ],
      "level": "intermediate",
      "default_duration_s": 30,
      "cue": "Pelve em retroversão e leve o quadril para frente.",
      "video": {
        "provider": "youtube",
        "youtubeId": null,
        "searchQuery": "Standing hip flexor stretch stretch"
      }
    },
    {
      "id": "post_calf_stretch_on_step",
      "name_pt": "Alongamento de panturrilha no degrau",
      "name_en": "Calf stretch on step",
      "phase": "post",
      "style": "static",
      "region": "calves",
      "tags": [
        "legs",
        "flexibility"
      ],
      "level": "intermediate",
      "default_duration_s": 30,
      "cue": "Deixe o calcanhar descer no degrau e segure.",
      "video": {
        "provider": "youtube",
        "youtubeId": null,
        "searchQuery": "Calf stretch on step stretch"
      }
    },
    {
      "id": "post_standing_hamstring_stretch_supported",
      "name_pt": "Alongamento de posterior em pé (apoio)",
      "name_en": "Standing hamstring stretch (supported)",
      "phase": "post",
      "style": "static",
      "region": "hamstrings",
      "tags": [
        "legs",
        "flexibility"
      ],
      "level": "beginner",
      "default_duration_s": 30,
      "cue": "Apoie o calcanhar numa superfície baixa e incline o tronco.",
      "video": {
        "provider": "youtube",
        "youtubeId": null,
        "searchQuery": "Standing hamstring stretch (supported) stretch"
      }
    },
    {
      "id": "post_side-lying_quad_stretch",
      "name_pt": "Alongamento de quadríceps deitado de lado",
      "name_en": "Side-lying quad stretch",
      "phase": "post",
      "style": "static",
      "region": "quads",
      "tags": [
        "legs",
        "flexibility"
      ],
      "level": "intermediate",
      "default_duration_s": 30,
      "cue": "Deitado de lado, puxe o pé para trás mantendo o joelho alinhado.",
      "video": {
        "provider": "youtube",
        "youtubeId": null,
        "searchQuery": "Side-lying quad stretch stretch"
      }
    },
    {
      "id": "post_glute_stretch_knee_to_chest",
      "name_pt": "Alongamento de glúteo com joelho ao peito",
      "name_en": "Glute stretch (knee to chest)",
      "phase": "post",
      "style": "static",
      "region": "glutes",
      "tags": [
        "hips",
        "flexibility"
      ],
      "level": "beginner",
      "default_duration_s": 30,
      "cue": "Deitado, puxe um joelho ao peito e segure.",
      "video": {
        "provider": "youtube",
        "youtubeId": null,
        "searchQuery": "Glute stretch (knee to chest) stretch"
      }
    },
    {
      "id": "post_standing_adductor_stretch",
      "name_pt": "Alongamento de adutores em pé (lateral)",
      "name_en": "Standing adductor stretch",
      "phase": "post",
      "style": "static",
      "region": "hips",
      "tags": [
        "hips",
        "flexibility"
      ],
      "level": "beginner",
      "default_duration_s": 30,
      "cue": "Aponte um pé para fora e sente o quadril para o lado oposto.",
      "video": {
        "provider": "youtube",
        "youtubeId": null,
        "searchQuery": "Standing adductor stretch stretch"
      }
    },
    {
      "id": "post_supine_t_stretch",
      "name_pt": "Alongamento de peitoral no chão (T stretch)",
      "name_en": "Supine T stretch",
      "phase": "post",
      "style": "static",
      "region": "chest",
      "tags": [
        "upper",
        "relax"
      ],
      "level": "beginner",
      "default_duration_s": 30,
      "cue": "Deitado, braços abertos em T, respire e relaxe.",
      "video": {
        "provider": "youtube",
        "youtubeId": null,
        "searchQuery": "Supine T stretch stretch"
      }
    },
    {
      "id": "post_finger_flexor_stretch",
      "name_pt": "Alongamento de flexores de dedos (mão)",
      "name_en": "Finger flexor stretch",
      "phase": "post",
      "style": "static",
      "region": "wrists",
      "tags": [
        "upper",
        "flexibility"
      ],
      "level": "beginner",
      "default_duration_s": 30,
      "cue": "Alongue os dedos um a um ou em bloco, sem dor.",
      "video": {
        "provider": "youtube",
        "youtubeId": null,
        "searchQuery": "Finger flexor stretch stretch"
      }
    },
    {
      "id": "post_plantarflexion_stretch_kneeling",
      "name_pt": "Alongamento de tornozelo em 'kneeling plantarflexion'",
      "name_en": "Plantarflexion stretch (kneeling)",
      "phase": "post",
      "style": "static",
      "region": "ankles",
      "tags": [
        "ankles",
        "flexibility"
      ],
      "level": "advanced",
      "default_duration_s": 30,
      "cue": "Ajoelhado, sente nos pés com cuidado, segure leve.",
      "video": {
        "provider": "youtube",
        "youtubeId": null,
        "searchQuery": "Plantarflexion stretch (kneeling) stretch"
      }
    },
    {
      "id": "post_couch_stretch_gentle",
      "name_pt": "Alongamento de flexores do quadril em 'couch' leve",
      "name_en": "Couch stretch (gentle)",
      "phase": "post",
      "style": "static",
      "region": "quads",
      "tags": [
        "legs",
        "flexibility"
      ],
      "level": "intermediate",
      "default_duration_s": 30,
      "cue": "Versão mais leve do couch stretch, sem forçar.",
      "video": {
        "provider": "youtube",
        "youtubeId": null,
        "searchQuery": "Couch stretch (gentle) stretch"
      }
    },
    {
      "id": "post_hamstring_stretch_with_strap",
      "name_pt": "Alongamento de isquiotibiais com faixa",
      "name_en": "Hamstring stretch with strap",
      "phase": "post",
      "style": "static",
      "region": "hamstrings",
      "tags": [
        "legs",
        "flexibility"
      ],
      "level": "beginner",
      "default_duration_s": 30,
      "cue": "Use uma faixa para puxar a perna elevada.",
      "video": {
        "provider": "youtube",
        "youtubeId": null,
        "searchQuery": "Hamstring stretch with strap stretch"
      }
    },
    {
      "id": "post_standing_glute_stretch_supported",
      "name_pt": "Alongamento de glúteo em pé (apoio)",
      "name_en": "Standing glute stretch (supported)",
      "phase": "post",
      "style": "static",
      "region": "glutes",
      "tags": [
        "hips",
        "flexibility"
      ],
      "level": "intermediate",
      "default_duration_s": 30,
      "cue": "Apoie o tornozelo e agache levemente.",
      "video": {
        "provider": "youtube",
        "youtubeId": null,
        "searchQuery": "Standing glute stretch (supported) stretch"
      }
    },
    {
      "id": "post_seated_straddle_stretch",
      "name_pt": "Alongamento de adutores sentado (pernas abertas)",
      "name_en": "Seated straddle stretch",
      "phase": "post",
      "style": "static",
      "region": "hips",
      "tags": [
        "hips",
        "flexibility"
      ],
      "level": "advanced",
      "default_duration_s": 30,
      "cue": "Sente com pernas abertas e incline o tronco à frente.",
      "video": {
        "provider": "youtube",
        "youtubeId": null,
        "searchQuery": "Seated straddle stretch stretch"
      }
    },
    {
      "id": "post_kneeling_quad_stretch",
      "name_pt": "Alongamento de quadríceps ajoelhado",
      "name_en": "Kneeling quad stretch",
      "phase": "post",
      "style": "static",
      "region": "quads",
      "tags": [
        "legs",
        "flexibility"
      ],
      "level": "advanced",
      "default_duration_s": 30,
      "cue": "Ajoelhado, segure o pé atrás e mantenha quadril neutro.",
      "video": {
        "provider": "youtube",
        "youtubeId": null,
        "searchQuery": "Kneeling quad stretch stretch"
      }
    },
    {
      "id": "post_chair_lat_stretch",
      "name_pt": "Alongamento de dorsal na cadeira",
      "name_en": "Chair lat stretch",
      "phase": "post",
      "style": "static",
      "region": "upper_back",
      "tags": [
        "upper",
        "flexibility"
      ],
      "level": "beginner",
      "default_duration_s": 30,
      "cue": "Segure uma cadeira e leve o quadril para trás.",
      "video": {
        "provider": "youtube",
        "youtubeId": null,
        "searchQuery": "Chair lat stretch stretch"
      }
    },
    {
      "id": "post_seated_forward_fold_gentle",
      "name_pt": "Alongamento de lombar sentado (flexão)",
      "name_en": "Seated forward fold (gentle)",
      "phase": "post",
      "style": "static",
      "region": "lower_back",
      "tags": [
        "spine",
        "relax"
      ],
      "level": "beginner",
      "default_duration_s": 30,
      "cue": "Sente e incline o tronco relaxando ombros e pescoço.",
      "video": {
        "provider": "youtube",
        "youtubeId": null,
        "searchQuery": "Seated forward fold (gentle) stretch"
      }
    },
    {
      "id": "post_calf_stretch_with_strap",
      "name_pt": "Alongamento de panturrilha (com faixa)",
      "name_en": "Calf stretch with strap",
      "phase": "post",
      "style": "static",
      "region": "calves",
      "tags": [
        "legs",
        "flexibility"
      ],
      "level": "beginner",
      "default_duration_s": 30,
      "cue": "Puxe a ponta do pé com uma faixa e segure.",
      "video": {
        "provider": "youtube",
        "youtubeId": null,
        "searchQuery": "Calf stretch with strap stretch"
      }
    },
    {
      "id": "post_forearm_pronationsupination_stretch",
      "name_pt": "Alongamento do antebraço (pronação/supinação)",
      "name_en": "Forearm pronation/supination stretch",
      "phase": "post",
      "style": "static",
      "region": "wrists",
      "tags": [
        "upper",
        "flexibility"
      ],
      "level": "intermediate",
      "default_duration_s": 30,
      "cue": "Gire o antebraço e segure no limite confortável.",
      "video": {
        "provider": "youtube",
        "youtubeId": null,
        "searchQuery": "Forearm pronation/supination stretch stretch"
      }
    },
    {
      "id": "post_standing_back_stretch_hug_knees",
      "name_pt": "Alongamento de costas em pé (abraçar joelhos)",
      "name_en": "Standing back stretch (hug knees)",
      "phase": "post",
      "style": "static",
      "region": "lower_back",
      "tags": [
        "spine",
        "relax"
      ],
      "level": "beginner",
      "default_duration_s": 30,
      "cue": "Em pé, flexione e abrace as pernas sem forçar.",
      "video": {
        "provider": "youtube",
        "youtubeId": null,
        "searchQuery": "Standing back stretch (hug knees) stretch"
      }
    },
    {
      "id": "post_neck_rotation_hold_gentle",
      "name_pt": "Alongamento de pescoço (rotação suave segurando)",
      "name_en": "Neck rotation hold (gentle)",
      "phase": "post",
      "style": "static",
      "region": "neck",
      "tags": [
        "upper",
        "relax"
      ],
      "level": "beginner",
      "default_duration_s": 30,
      "cue": "Gire a cabeça e segure no limite confortável.",
      "video": {
        "provider": "youtube",
        "youtubeId": null,
        "searchQuery": "Neck rotation hold (gentle) stretch"
      }
    },
    {
      "id": "post_doorway_shoulder_stretch",
      "name_pt": "Alongamento de ombro na porta",
      "name_en": "Doorway shoulder stretch",
      "phase": "post",
      "style": "static",
      "region": "shoulders",
      "tags": [
        "upper",
        "flexibility"
      ],
      "level": "intermediate",
      "default_duration_s": 30,
      "cue": "Braço na porta e gire o tronco para alongar.",
      "video": {
        "provider": "youtube",
        "youtubeId": null,
        "searchQuery": "Doorway shoulder stretch stretch"
      }
    },
    {
      "id": "post_kneeling_adductor_stretch",
      "name_pt": "Alongamento de adutores (lateral em joelhos)",
      "name_en": "Kneeling adductor stretch",
      "phase": "post",
      "style": "static",
      "region": "hips",
      "tags": [
        "hips",
        "flexibility"
      ],
      "level": "intermediate",
      "default_duration_s": 30,
      "cue": "De joelhos, leve o quadril para trás e abra o joelho.",
      "video": {
        "provider": "youtube",
        "youtubeId": null,
        "searchQuery": "Kneeling adductor stretch stretch"
      }
    },
    {
      "id": "post_supine_hip_flexor_stretch_strap",
      "name_pt": "Alongamento de flexor do quadril deitado (cinto)",
      "name_en": "Supine hip flexor stretch (strap)",
      "phase": "post",
      "style": "static",
      "region": "hips",
      "tags": [
        "hips",
        "flexibility"
      ],
      "level": "advanced",
      "default_duration_s": 30,
      "cue": "Deitado, prenda o pé e estenda a perna para baixo.",
      "video": {
        "provider": "youtube",
        "youtubeId": null,
        "searchQuery": "Supine hip flexor stretch (strap) stretch"
      }
    },
    {
      "id": "post_chair_pigeon_stretch",
      "name_pt": "Alongamento de glúteo 'pombo na cadeira'",
      "name_en": "Chair pigeon stretch",
      "phase": "post",
      "style": "static",
      "region": "glutes",
      "tags": [
        "hips",
        "flexibility"
      ],
      "level": "beginner",
      "default_duration_s": 30,
      "cue": "Tornozelo no joelho e incline levemente o tronco.",
      "video": {
        "provider": "youtube",
        "youtubeId": null,
        "searchQuery": "Chair pigeon stretch stretch"
      }
    },
    {
      "id": "post_seated_calf_stretch",
      "name_pt": "Alongamento de panturrilha sentado",
      "name_en": "Seated calf stretch",
      "phase": "post",
      "style": "static",
      "region": "calves",
      "tags": [
        "legs",
        "flexibility"
      ],
      "level": "beginner",
      "default_duration_s": 30,
      "cue": "Sente e puxe a ponta do pé em direção à canela.",
      "video": {
        "provider": "youtube",
        "youtubeId": null,
        "searchQuery": "Seated calf stretch stretch"
      }
    },
    {
      "id": "pre_arm_circles_forward",
      "name_pt": "Círculos com braços (para frente)",
      "name_en": "Arm circles (forward)",
      "phase": "pre",
      "style": "dynamic",
      "region": "shoulders",
      "tags": [
        "upper",
        "warmup"
      ],
      "level": "beginner",
      "default_duration_s": 30,
      "cue": "Faça círculos com os braços com controle.",
      "video": {
        "provider": "youtube",
        "youtubeId": null,
        "searchQuery": "Arm circles (forward) stretch"
      }
    },
    {
      "id": "pre_arm_circles_backward",
      "name_pt": "Círculos com braços (para trás)",
      "name_en": "Arm circles (backward)",
      "phase": "pre",
      "style": "dynamic",
      "region": "shoulders",
      "tags": [
        "upper",
        "warmup"
      ],
      "level": "beginner",
      "default_duration_s": 30,
      "cue": "Faça círculos com os braços com controle.",
      "video": {
        "provider": "youtube",
        "youtubeId": null,
        "searchQuery": "Arm circles (backward) stretch"
      }
    },
    {
      "id": "pre_torso_twists_arms_open",
      "name_pt": "Torção de tronco (com braços abertos)",
      "name_en": "Torso twists (arms open)",
      "phase": "pre",
      "style": "dynamic",
      "region": "thoracic_spine",
      "tags": [
        "spine",
        "warmup"
      ],
      "level": "beginner",
      "default_duration_s": 30,
      "cue": "Gire o tronco alternando lados, sem forçar.",
      "video": {
        "provider": "youtube",
        "youtubeId": null,
        "searchQuery": "Torso twists (arms open) stretch"
      }
    },
    {
      "id": "pre_torso_twists_arms_crossed",
      "name_pt": "Torção de tronco (com braços cruzados)",
      "name_en": "Torso twists (arms crossed)",
      "phase": "pre",
      "style": "dynamic",
      "region": "thoracic_spine",
      "tags": [
        "spine",
        "warmup"
      ],
      "level": "beginner",
      "default_duration_s": 30,
      "cue": "Gire o tronco alternando lados, sem forçar.",
      "video": {
        "provider": "youtube",
        "youtubeId": null,
        "searchQuery": "Torso twists (arms crossed) stretch"
      }
    },
    {
      "id": "pre_leg_swings_with_support",
      "name_pt": "Balanço de perna (com apoio)",
      "name_en": "Leg swings (with support)",
      "phase": "pre",
      "style": "dynamic",
      "region": "hips",
      "tags": [
        "legs",
        "mobility"
      ],
      "level": "beginner",
      "default_duration_s": 30,
      "cue": "Balance a perna com controle e amplitude confortável.",
      "video": {
        "provider": "youtube",
        "youtubeId": null,
        "searchQuery": "Leg swings (with support) stretch"
      }
    },
    {
      "id": "pre_leg_swings_no_support",
      "name_pt": "Balanço de perna (sem apoio)",
      "name_en": "Leg swings (no support)",
      "phase": "pre",
      "style": "dynamic",
      "region": "hips",
      "tags": [
        "legs",
        "mobility"
      ],
      "level": "beginner",
      "default_duration_s": 30,
      "cue": "Balance a perna com controle e amplitude confortável.",
      "video": {
        "provider": "youtube",
        "youtubeId": null,
        "searchQuery": "Leg swings (no support) stretch"
      }
    },
    {
      "id": "post_wall_calf_stretch_right_foot",
      "name_pt": "Alongamento de panturrilha na parede (pé direito)",
      "name_en": "Wall calf stretch (right foot)",
      "phase": "post",
      "style": "static",
      "region": "calves",
      "tags": [
        "legs",
        "flexibility"
      ],
      "level": "beginner",
      "default_duration_s": 30,
      "cue": "Mantenha o calcanhar no chão e segure sem dor.",
      "video": {
        "provider": "youtube",
        "youtubeId": null,
        "searchQuery": "Wall calf stretch (right foot) stretch"
      }
    },
    {
      "id": "post_wall_calf_stretch_left_foot",
      "name_pt": "Alongamento de panturrilha na parede (pé esquerdo)",
      "name_en": "Wall calf stretch (left foot)",
      "phase": "post",
      "style": "static",
      "region": "calves",
      "tags": [
        "legs",
        "flexibility"
      ],
      "level": "beginner",
      "default_duration_s": 30,
      "cue": "Mantenha o calcanhar no chão e segure sem dor.",
      "video": {
        "provider": "youtube",
        "youtubeId": null,
        "searchQuery": "Wall calf stretch (left foot) stretch"
      }
    }
  ]
}